{
    "x": 65.7656021118164,
    "y": -27.48872184753418,
    "z": 0.0
}