{
    "x": 79.27072143554688,
    "y": -21.070415496826173,
    "z": 0.0
}