{
    "x": 88.35763549804688,
    "y": -4.102015018463135,
    "z": 0.0
}