{
    "x": 44.73176193237305,
    "y": -29.179529190063478,
    "z": 0.0
}