{
    "x": 77.20072937011719,
    "y": -19.92571258544922,
    "z": 0.0
}