{
    "x": 77.352783203125,
    "y": -20.454179763793947,
    "z": 0.0
}