{
    "x": 43.16599655151367,
    "y": -27.732635498046876,
    "z": 0.0
}